-- MySQL dump 10.13  Distrib 8.0.30, for macos12 (arm64)
--
-- Host: localhost    Database: DW Servicios
-- ------------------------------------------------------
-- Server version	8.0.30

/*!40101 SET @OLD_CHARACTER_SET_CLIENT=@@CHARACTER_SET_CLIENT */;
/*!40101 SET @OLD_CHARACTER_SET_RESULTS=@@CHARACTER_SET_RESULTS */;
/*!40101 SET @OLD_COLLATION_CONNECTION=@@COLLATION_CONNECTION */;
/*!50503 SET NAMES utf8mb4 */;
/*!40103 SET @OLD_TIME_ZONE=@@TIME_ZONE */;
/*!40103 SET TIME_ZONE='+00:00' */;
/*!40014 SET @OLD_UNIQUE_CHECKS=@@UNIQUE_CHECKS, UNIQUE_CHECKS=0 */;
/*!40014 SET @OLD_FOREIGN_KEY_CHECKS=@@FOREIGN_KEY_CHECKS, FOREIGN_KEY_CHECKS=0 */;
/*!40101 SET @OLD_SQL_MODE=@@SQL_MODE, SQL_MODE='NO_AUTO_VALUE_ON_ZERO' */;
/*!40111 SET @OLD_SQL_NOTES=@@SQL_NOTES, SQL_NOTES=0 */;

--
-- Table structure for table `Contrato`
--

DROP TABLE IF EXISTS `Contrato`;
/*!40101 SET @saved_cs_client     = @@character_set_client */;
/*!50503 SET character_set_client = utf8mb4 */;
CREATE TABLE `Contrato` (
  `idLugar` int NOT NULL,
  `idFecha` int NOT NULL,
  `idPlan` int NOT NULL,
  PRIMARY KEY (`idLugar`,`idFecha`,`idPlan`),
  KEY `idFecha_idx` (`idFecha`),
  KEY `idPlan_idx` (`idPlan`),
  CONSTRAINT `idFecha` FOREIGN KEY (`idFecha`) REFERENCES `Fecha` (`idFecha`),
  CONSTRAINT `idLugar` FOREIGN KEY (`idLugar`) REFERENCES `Lugar` (`idLugar`),
  CONSTRAINT `idPlan` FOREIGN KEY (`idPlan`) REFERENCES `Plan` (`idPlan`)
) ENGINE=InnoDB DEFAULT CHARSET=utf8mb4 COLLATE=utf8mb4_0900_ai_ci;
/*!40101 SET character_set_client = @saved_cs_client */;

--
-- Dumping data for table `Contrato`
--

LOCK TABLES `Contrato` WRITE;
/*!40000 ALTER TABLE `Contrato` DISABLE KEYS */;
INSERT INTO `Contrato` VALUES (6,1001,2),(5,1002,5),(6,1003,2),(3,1004,5),(3,1005,6),(6,1006,5),(2,1007,1),(5,1008,1),(7,1009,3),(6,1010,3),(6,1011,4),(3,1012,4),(5,1013,5),(6,1014,6),(7,1015,1),(8,1016,6),(7,1017,6),(1,1018,6),(8,1019,4),(4,1020,1),(5,1021,5),(1,1022,3),(8,1023,2),(6,1024,3),(4,1025,2),(2,1026,6),(4,1027,2),(4,1028,6),(2,1029,2),(3,1030,4),(7,1031,1),(3,1032,4),(3,1033,6),(5,1034,4),(8,1035,6),(3,1036,1),(2,1037,6),(8,1038,6),(1,1039,1),(5,1040,2),(8,1041,6),(4,1042,6),(6,1043,5),(7,1044,1),(6,1045,5),(3,1046,4),(7,1047,6),(6,1048,6),(1,1049,2),(1,1050,5),(4,1051,3),(5,1052,1),(2,1053,4),(5,1054,5),(5,1055,4),(6,1056,1),(8,1057,2),(2,1058,2),(8,1059,4),(1,1060,3),(5,1061,3),(6,1062,6),(7,1063,5),(1,1064,3),(3,1065,3),(6,1066,5),(3,1067,2),(8,1068,6),(3,1069,2),(5,1070,4),(7,1071,6),(8,1072,3),(7,1073,2),(7,1074,3),(1,1075,3),(4,1076,6),(6,1077,1),(8,1078,3),(4,1079,3),(8,1080,3),(3,1081,1),(3,1082,6),(8,1083,2),(2,1084,2),(6,1085,2),(4,1086,2),(1,1087,6),(6,1088,4),(5,1089,1),(2,1090,3),(8,1091,5),(1,1092,2),(6,1093,3),(1,1094,3),(5,1095,3),(4,1096,3),(8,1097,4),(8,1098,3),(7,1099,3),(6,1100,5),(6,1101,2),(4,1102,6),(5,1103,3),(1,1104,2),(5,1105,5),(4,1106,2),(5,1107,4),(5,1108,5),(5,1109,1),(7,1110,4),(6,1111,5),(2,1112,4),(8,1113,4),(6,1114,6),(4,1115,2),(3,1116,3),(3,1117,6),(6,1118,2),(4,1119,2),(6,1120,2),(2,1121,2),(5,1122,1),(1,1123,2),(3,1124,2),(8,1125,4),(7,1126,1),(5,1127,2),(3,1128,5),(3,1129,5),(5,1130,3),(6,1131,2),(3,1132,5),(1,1133,1),(2,1134,2),(4,1135,3),(3,1136,1),(4,1137,6),(6,1138,5),(1,1139,1),(6,1140,2),(8,1141,4),(4,1142,5),(3,1143,5),(2,1144,5),(3,1145,5),(2,1146,3),(2,1147,3),(7,1148,1),(4,1149,6),(6,1150,5),(7,1151,3),(3,1152,4),(3,1153,3),(5,1154,1),(3,1155,3),(4,1156,6),(6,1157,4),(8,1158,6),(4,1159,4),(1,1160,1),(8,1161,4),(3,1162,2),(1,1163,5),(7,1164,4),(4,1165,4),(5,1166,4),(7,1167,5),(8,1168,4),(6,1169,2),(6,1170,6),(1,1171,5),(2,1172,6),(7,1173,5),(1,1174,5),(1,1175,6),(4,1176,2),(7,1177,6),(8,1178,4),(8,1179,5),(3,1180,5),(3,1181,3),(6,1182,4),(4,1183,6),(4,1184,2),(4,1185,4),(1,1186,3),(6,1187,5),(1,1188,2),(1,1189,5),(5,1190,2),(3,1191,4),(5,1192,4),(8,1193,3),(6,1194,6),(7,1195,3),(5,1196,3),(5,1197,5),(1,1198,2),(8,1199,5),(8,1200,1),(5,1201,1),(5,1202,1),(6,1203,3),(5,1204,4),(8,1205,6),(5,1206,5),(1,1207,6),(6,1208,4),(5,1209,1),(4,1210,3),(2,1211,6),(1,1212,3),(6,1213,6),(1,1214,3),(1,1215,2),(5,1216,5),(6,1217,3),(3,1218,3),(8,1219,4),(1,1220,4),(2,1221,1),(2,1222,3),(8,1223,1),(6,1224,3),(7,1225,2),(5,1226,2),(8,1227,4),(5,1228,3),(3,1229,2),(4,1230,4),(3,1231,4),(8,1232,3),(8,1233,3),(6,1234,5),(5,1235,5),(4,1236,1),(8,1237,1),(8,1238,2),(3,1239,1),(5,1240,3),(1,1241,2),(6,1242,2),(4,1243,4),(1,1244,3),(8,1245,5),(7,1246,6),(8,1247,3),(2,1248,3),(6,1249,2),(4,1250,6),(3,1251,1),(2,1252,4),(7,1253,3),(7,1254,4),(4,1255,3),(1,1256,3),(7,1257,6),(5,1258,2),(4,1259,4),(5,1260,5),(5,1261,3),(3,1262,5),(5,1263,3),(7,1264,1),(2,1265,2),(2,1266,5),(1,1267,2),(3,1268,4),(1,1269,3),(7,1270,3),(2,1271,3),(8,1272,4),(6,1273,2),(4,1274,4),(1,1275,3),(5,1276,2),(8,1277,1),(1,1278,5),(6,1279,6),(6,1280,4),(4,1281,6),(4,1282,2),(2,1283,4),(1,1284,3),(3,1285,1),(4,1286,3),(5,1287,6),(3,1288,2),(1,1289,4),(5,1290,4),(7,1291,6),(2,1292,1),(5,1293,5),(3,1294,2),(5,1295,5),(7,1296,2),(5,1297,5),(8,1298,3),(5,1299,3),(4,1300,1);
/*!40000 ALTER TABLE `Contrato` ENABLE KEYS */;
UNLOCK TABLES;

--
-- Table structure for table `Fecha`
--

DROP TABLE IF EXISTS `Fecha`;
/*!40101 SET @saved_cs_client     = @@character_set_client */;
/*!50503 SET character_set_client = utf8mb4 */;
CREATE TABLE `Fecha` (
  `idFecha` int NOT NULL,
  `Dia` int DEFAULT NULL,
  `Mes` int DEFAULT NULL,
  `Año` int DEFAULT NULL,
  PRIMARY KEY (`idFecha`)
) ENGINE=InnoDB DEFAULT CHARSET=utf8mb4 COLLATE=utf8mb4_0900_ai_ci;
/*!40101 SET character_set_client = @saved_cs_client */;

--
-- Dumping data for table `Fecha`
--

LOCK TABLES `Fecha` WRITE;
/*!40000 ALTER TABLE `Fecha` DISABLE KEYS */;
INSERT INTO `Fecha` VALUES (1001,4,1,2018),(1002,9,1,2018),(1003,15,1,2018),(1004,23,1,2018),(1005,31,1,2018),(1006,4,2,2018),(1007,7,2,2018),(1008,15,2,2018),(1009,16,2,2018),(1010,16,2,2018),(1011,19,2,2018),(1012,2,3,2018),(1013,10,3,2018),(1014,13,3,2018),(1015,18,3,2018),(1016,22,3,2018),(1017,23,3,2018),(1018,14,4,2018),(1019,28,4,2018),(1020,28,4,2018),(1021,5,5,2018),(1022,6,5,2018),(1023,7,5,2018),(1024,20,5,2018),(1025,21,5,2018),(1026,22,5,2018),(1027,27,5,2018),(1028,3,6,2018),(1029,7,6,2018),(1030,7,6,2018),(1031,9,6,2018),(1032,12,6,2018),(1033,23,6,2018),(1034,25,6,2018),(1035,28,6,2018),(1036,1,7,2018),(1037,1,7,2018),(1038,7,7,2018),(1039,8,7,2018),(1040,11,7,2018),(1041,11,7,2018),(1042,12,7,2018),(1043,14,7,2018),(1044,15,7,2018),(1045,22,7,2018),(1046,23,7,2018),(1047,31,7,2018),(1048,3,8,2018),(1049,5,8,2018),(1050,5,8,2018),(1051,6,8,2018),(1052,9,8,2018),(1053,10,8,2018),(1054,15,8,2018),(1055,15,8,2018),(1056,24,8,2018),(1057,29,8,2018),(1058,29,8,2018),(1059,3,9,2018),(1060,6,9,2018),(1061,8,9,2018),(1062,8,9,2018),(1063,16,9,2018),(1064,18,9,2018),(1065,19,9,2018),(1066,20,9,2018),(1067,22,9,2018),(1068,23,9,2018),(1069,26,9,2018),(1070,8,10,2018),(1071,13,10,2018),(1072,14,10,2018),(1073,17,10,2018),(1074,29,10,2018),(1075,30,10,2018),(1076,3,11,2018),(1077,5,11,2018),(1078,7,11,2018),(1079,7,11,2018),(1080,8,11,2018),(1081,8,11,2018),(1082,8,11,2018),(1083,11,11,2018),(1084,12,11,2018),(1085,17,11,2018),(1086,22,11,2018),(1087,1,12,2018),(1088,5,12,2018),(1089,12,12,2018),(1090,15,12,2018),(1091,16,12,2018),(1092,17,12,2018),(1093,22,12,2018),(1094,1,1,2019),(1095,3,1,2019),(1096,4,1,2019),(1097,6,1,2019),(1098,14,1,2019),(1099,5,2,2019),(1100,21,2,2019),(1101,25,2,2019),(1102,3,3,2019),(1103,10,3,2019),(1104,22,3,2019),(1105,26,3,2019),(1106,2,4,2019),(1107,2,4,2019),(1108,4,4,2019),(1109,5,4,2019),(1110,18,4,2019),(1111,23,4,2019),(1112,28,4,2019),(1113,29,4,2019),(1114,29,4,2019),(1115,1,5,2019),(1116,3,5,2019),(1117,5,5,2019),(1118,9,5,2019),(1119,13,5,2019),(1120,16,5,2019),(1121,21,5,2019),(1122,23,5,2019),(1123,29,5,2019),(1124,5,6,2019),(1125,5,6,2019),(1126,6,6,2019),(1127,8,6,2019),(1128,10,6,2019),(1129,12,6,2019),(1130,23,6,2019),(1131,26,6,2019),(1132,1,7,2019),(1133,4,7,2019),(1134,6,7,2019),(1135,10,7,2019),(1136,15,7,2019),(1137,25,7,2019),(1138,31,7,2019),(1139,1,8,2019),(1140,5,8,2019),(1141,11,8,2019),(1142,13,8,2019),(1143,15,8,2019),(1144,15,8,2019),(1145,17,8,2019),(1146,21,8,2019),(1147,22,8,2019),(1148,25,8,2019),(1149,28,8,2019),(1150,28,8,2019),(1151,4,9,2019),(1152,7,9,2019),(1153,11,9,2019),(1154,19,9,2019),(1155,23,9,2019),(1156,28,9,2019),(1157,28,9,2019),(1158,2,10,2019),(1159,3,10,2019),(1160,6,10,2019),(1161,7,10,2019),(1162,16,10,2019),(1163,18,10,2019),(1164,20,10,2019),(1165,21,10,2019),(1166,26,10,2019),(1167,31,10,2019),(1168,1,11,2019),(1169,1,11,2019),(1170,8,11,2019),(1171,9,11,2019),(1172,16,11,2019),(1173,27,11,2019),(1174,29,11,2019),(1175,1,12,2019),(1176,3,12,2019),(1177,3,12,2019),(1178,3,12,2019),(1179,8,12,2019),(1180,16,12,2019),(1181,21,12,2019),(1182,24,12,2019),(1183,24,12,2019),(1184,2,1,2020),(1185,4,1,2020),(1186,9,1,2020),(1187,10,1,2020),(1188,11,1,2020),(1189,13,1,2020),(1190,23,1,2020),(1191,6,2,2020),(1192,7,2,2020),(1193,17,2,2020),(1194,18,2,2020),(1195,23,2,2020),(1196,24,2,2020),(1197,26,2,2020),(1198,1,3,2020),(1199,3,3,2020),(1200,4,3,2020),(1201,6,3,2020),(1202,6,3,2020),(1203,6,3,2020),(1204,15,3,2020),(1205,20,3,2020),(1206,20,3,2020),(1207,21,3,2020),(1208,24,3,2020),(1209,24,3,2020),(1210,31,3,2020),(1211,3,4,2020),(1212,11,4,2020),(1213,16,4,2020),(1214,16,4,2020),(1215,17,4,2020),(1216,22,4,2020),(1217,23,4,2020),(1218,24,4,2020),(1219,25,4,2020),(1220,25,4,2020),(1221,27,4,2020),(1222,29,4,2020),(1223,13,5,2020),(1224,8,6,2020),(1225,8,6,2020),(1226,19,6,2020),(1227,19,6,2020),(1228,22,6,2020),(1229,25,6,2020),(1230,4,7,2020),(1231,9,7,2020),(1232,10,7,2020),(1233,11,7,2020),(1234,11,7,2020),(1235,16,7,2020),(1236,22,7,2020),(1237,25,7,2020),(1238,27,7,2020),(1239,27,7,2020),(1240,28,7,2020),(1241,28,7,2020),(1242,30,7,2020),(1243,5,8,2020),(1244,9,8,2020),(1245,14,8,2020),(1246,18,8,2020),(1247,18,8,2020),(1248,20,8,2020),(1249,22,8,2020),(1250,24,8,2020),(1251,26,8,2020),(1252,2,9,2020),(1253,7,9,2020),(1254,7,9,2020),(1255,8,9,2020),(1256,8,9,2020),(1257,9,9,2020),(1258,10,9,2020),(1259,11,9,2020),(1260,12,9,2020),(1261,19,9,2020),(1262,22,9,2020),(1263,28,9,2020),(1264,2,10,2020),(1265,4,10,2020),(1266,5,10,2020),(1267,8,10,2020),(1268,9,10,2020),(1269,12,10,2020),(1270,14,10,2020),(1271,20,10,2020),(1272,20,10,2020),(1273,22,10,2020),(1274,25,10,2020),(1275,27,10,2020),(1276,27,10,2020),(1277,28,10,2020),(1278,1,11,2020),(1279,6,11,2020),(1280,7,11,2020),(1281,8,11,2020),(1282,9,11,2020),(1283,14,11,2020),(1284,15,11,2020),(1285,21,11,2020),(1286,21,11,2020),(1287,22,11,2020),(1288,25,11,2020),(1289,26,11,2020),(1290,28,11,2020),(1291,1,12,2020),(1292,4,12,2020),(1293,6,12,2020),(1294,8,12,2020),(1295,10,12,2020),(1296,12,12,2020),(1297,18,12,2020),(1298,21,12,2020),(1299,22,12,2020),(1300,25,12,2020);
/*!40000 ALTER TABLE `Fecha` ENABLE KEYS */;
UNLOCK TABLES;

--
-- Table structure for table `Lugar`
--

DROP TABLE IF EXISTS `Lugar`;
/*!40101 SET @saved_cs_client     = @@character_set_client */;
/*!50503 SET character_set_client = utf8mb4 */;
CREATE TABLE `Lugar` (
  `idLugar` int NOT NULL,
  `Provincia` varchar(50) DEFAULT NULL,
  `Region` varchar(50) DEFAULT NULL,
  PRIMARY KEY (`idLugar`)
) ENGINE=InnoDB DEFAULT CHARSET=utf8mb4 COLLATE=utf8mb4_0900_ai_ci;
/*!40101 SET character_set_client = @saved_cs_client */;

--
-- Dumping data for table `Lugar`
--

LOCK TABLES `Lugar` WRITE;
/*!40000 ALTER TABLE `Lugar` DISABLE KEYS */;
INSERT INTO `Lugar` VALUES (1,'Jujuy','Norte'),(2,'Salta','Norte'),(3,'Tucuman','Norte'),(4,'Cordoba','Centro'),(5,'Mendoza','Centro'),(6,'Santa Fe','Centro'),(7,'Neuquen','Sur'),(8,'La Pampa','Sur');
/*!40000 ALTER TABLE `Lugar` ENABLE KEYS */;
UNLOCK TABLES;

--
-- Table structure for table `Plan`
--

DROP TABLE IF EXISTS `Plan`;
/*!40101 SET @saved_cs_client     = @@character_set_client */;
/*!50503 SET character_set_client = utf8mb4 */;
CREATE TABLE `Plan` (
  `idPlan` int NOT NULL,
  `Plan` varchar(50) DEFAULT NULL,
  `Costo` float DEFAULT NULL,
  `Servicio` varchar(50) DEFAULT NULL,
  PRIMARY KEY (`idPlan`)
) ENGINE=InnoDB DEFAULT CHARSET=utf8mb4 COLLATE=utf8mb4_0900_ai_ci;
/*!40101 SET character_set_client = @saved_cs_client */;

--
-- Dumping data for table `Plan`
--

LOCK TABLES `Plan` WRITE;
/*!40000 ALTER TABLE `Plan` DISABLE KEYS */;
INSERT INTO `Plan` VALUES (1,'Tel - 1',10,'Telefonia'),(2,'Tel - 2',20,'Telefonia'),(3,'Tel - 3',30,'Telefonia'),(4,'Int - 1',15,'Internet'),(5,'Int - 2',30,'Internet'),(6,'Vid - 1',35,'Internet');
/*!40000 ALTER TABLE `Plan` ENABLE KEYS */;
UNLOCK TABLES;
/*!40103 SET TIME_ZONE=@OLD_TIME_ZONE */;

/*!40101 SET SQL_MODE=@OLD_SQL_MODE */;
/*!40014 SET FOREIGN_KEY_CHECKS=@OLD_FOREIGN_KEY_CHECKS */;
/*!40014 SET UNIQUE_CHECKS=@OLD_UNIQUE_CHECKS */;
/*!40101 SET CHARACTER_SET_CLIENT=@OLD_CHARACTER_SET_CLIENT */;
/*!40101 SET CHARACTER_SET_RESULTS=@OLD_CHARACTER_SET_RESULTS */;
/*!40101 SET COLLATION_CONNECTION=@OLD_COLLATION_CONNECTION */;
/*!40111 SET SQL_NOTES=@OLD_SQL_NOTES */;

-- Dump completed on 2022-11-19 14:33:14
